{
	"class_name" : "PinholeCameraParameters",
	"extrinsic" : 
	[
		0.98464318260287942,
		-0.073542383816800422,
		-0.15833294267528539,
		0.0,
		0.12064757203150528,
		0.94216975838054207,
		0.31266645128004045,
		0.0,
		0.12618227417738018,
		-0.32696737478790389,
		0.93657373949290879,
		0.0,
		9.1865288525615032,
		-6.4830241850711126,
		16.47391623036577,
		1.0
	],
	"intrinsic" : 
	{
		"height" : 652,
		"intrinsic_matrix" : 
		[
			564.64856326745405,
			0.0,
			0.0,
			0.0,
			564.64856326745405,
			0.0,
			682.5,
			325.5,
			1.0
		],
		"width" : 1366
	},
	"version_major" : 1,
	"version_minor" : 0
}